Software Corp|Software Corp|we create, we protect, we take care of you|software-corp.jpg
AinSoft|AinSoft|Play The Reality|ainsoft.jpg
Interest|Interest|Meet your Destiny|interest.jpg
Rito Games|Rito Games|Just Play.|rito-games.jpg
One Ash|One Ash|"Quantity before quality"|one-ash.jpg
Subbus|Subbus|When your mobility is our main concern|subbus.jpg
Shivas|Shivas|The realm of technology is vast, Shivas|shivas.jpg
Info Parc|Info Parc|Need information on a park? Adopt Info Parc|info-parc.jpg
AG Enterprise|AG Enterprise|La plus belle de toute les entreprises|ag-enterprise.jpg
PSUD VPN|PSUD VPN|A private internet for a safer web browsing|psud-vpn.jpg
Drive Company|Drive Company|La voitre de demain à portée de main|drive-company.jpg
Moon|Moon|Attack is the best form of defense|moon.jpg
Info Parc|Info Parc|Need information on a park ? Adopt Info Parc|info-parc.jpg
IUT|IUT d'Orsay|Notre BUT c'est le DUT|iut.jpg